{
    "accuracy": 0.97,
    "precision": 0.9629629629629629,
    "recall": 0.9811320754716981,
    "f1_score": 0.9719626168224299,
    "confusion_matrix": [
        [
            90,
            4
        ],
        [
            2,
            104
        ]
    ]
}